,City,Lat,Lng,Max Temp,Humidity,Cloudiness,Wind Speed,Country,Date
0,ushuaia,-54.8,-68.3,1.81,75,20,1.03,AR,1693471038
1,anadyr,64.75,177.4833,11.28,81,0,6.0,RU,1693470700
2,nikolayevsk-on-amure,53.1406,140.73,15.43,92,100,1.2,RU,1693471039
3,port-aux-francais,-49.35,70.2167,3.07,88,91,18.89,TF,1693471039
4,namibe,-15.1961,12.1522,22.31,74,25,3.8,AO,1693471039
5,waitangi,-43.9535,-176.5597,10.46,82,0,1.34,NZ,1693471040
6,blackmans bay,-43.0167,147.3167,9.18,75,19,5.18,AU,1693471040
7,arraial do cabo,-22.9661,-42.0278,16.98,100,0,1.54,BR,1693470917
8,broken hill,-31.95,141.4333,12.44,55,5,4.65,AU,1693471040
9,adamstown,-25.066,-130.1015,20.81,78,99,6.57,PN,1693471041
10,kailua-kona,19.6406,-155.9956,28.11,86,0,5.66,US,1693471041
11,balqash,46.8481,74.995,18.33,52,20,8.0,KZ,1693471042
12,tobruk,32.0836,23.9764,27.41,63,0,4.1,LY,1693471042
13,la'ie,21.6477,-157.9253,26.98,79,6,4.47,US,1693471042
14,thompson,55.7435,-97.8558,16.09,88,75,1.54,CA,1693471043
15,matai,-8.3,31.5167,27.58,24,0,0.98,TZ,1693471043
16,vorgashor,67.5833,63.95,12.95,66,100,2.48,RU,1693471043
17,al matlin,37.2452,10.05,26.77,61,40,3.27,TN,1693471044
18,turpan,42.9333,89.1667,40.13,13,0,0.97,CN,1693471044
19,tiksi,71.6872,128.8694,1.07,74,100,8.22,RU,1693471044
20,prince george,53.9166,-122.753,12.69,77,100,2.06,CA,1693471045
21,seaside,36.6111,-121.8516,16.95,87,0,2.06,US,1693471045
22,murzuq,25.9155,13.9184,37.45,16,3,9.9,LY,1693471045
23,bilibino,68.0546,166.4372,3.59,86,90,6.12,RU,1693471046
24,east london,-33.0153,27.9116,32.52,19,0,5.66,ZA,1693470897
25,west island,-12.1568,96.8225,27.99,74,40,6.69,CC,1693470797
26,olonkinbyen,70.9221,-8.7187,5.65,77,100,3.93,SJ,1693471046
27,fisterra,42.9049,-9.2629,20.01,85,2,1.34,ES,1693471047
28,chonchi,-42.6128,-73.8092,6.18,93,100,3.28,CL,1693471047
29,vallenar,-28.5708,-70.7581,15.55,41,0,1.11,CL,1693471048
30,papatowai,-46.5619,169.4708,7.96,88,38,2.97,NZ,1693471048
31,edinburgh of the seven seas,-37.0676,-12.3116,11.14,60,20,8.15,SH,1693471048
32,ribeira brava,32.65,-17.0667,26.11,76,49,0.89,PT,1693471048
33,taghazout,30.5426,-9.7112,21.43,78,4,1.31,MA,1693471049
34,mahina,-17.5065,-149.489,23.87,69,40,4.12,PF,1693470959
35,campos novos,-27.4017,-51.225,8.69,92,0,1.43,BR,1693471049
36,ribeira grande,38.5167,-28.7,22.65,88,40,2.57,PT,1693471021
37,puerto ayora,-0.7393,-90.3518,24.75,93,37,1.34,EC,1693471050
38,punta arenas,-53.15,-70.9167,2.41,80,23,10.13,CL,1693471050
39,fort bragg,35.139,-79.006,22.08,94,100,9.77,US,1693471050
40,ryotsu-minato,38.0833,138.4333,28.58,78,96,3.64,JP,1693470782
41,petropavlovsk-kamchatsky,53.0452,158.6483,18.33,68,0,3.0,RU,1693471051
42,hobyo,5.3505,48.5268,29.66,55,14,10.95,SO,1693471051
43,hawaiian paradise park,19.5933,-154.9731,25.73,92,100,3.6,US,1693471052
44,portland,45.5234,-122.6762,18.67,82,100,0.43,US,1693471052
45,spassk,52.747,87.7545,27.23,39,28,0.83,RU,1693471052
46,yuzhno-kurilsk,44.0306,145.8556,18.9,97,94,6.82,RU,1693471053
47,bethel,41.3712,-73.414,17.79,79,79,1.34,US,1693471053
48,manokwari,-0.8667,134.0833,27.29,79,43,2.1,ID,1693471053
49,kerikeri,-35.2268,173.9474,8.28,88,45,0.75,NZ,1693471054
50,st. john's,47.5649,-52.7093,22.76,95,100,11.83,CA,1693471007
51,college,64.8569,-147.8028,11.18,96,75,1.54,US,1693471054
52,hadibu,12.65,54.0333,29.7,61,10,8.86,YE,1693471054
53,enewetak,11.3474,162.3373,28.82,81,74,6.93,MH,1693471054
54,chandler,33.3062,-111.8412,35.5,35,0,5.66,US,1693471055
55,toamasina,-18.1667,49.3833,25.0,69,40,5.14,MG,1693471055
56,ordynskoye,54.3656,81.8994,23.83,49,98,5.17,RU,1693471055
57,sur,22.5667,59.5289,34.63,50,10,1.49,OM,1693471056
58,iqaluit,63.7506,-68.5145,2.85,93,75,2.06,CA,1693470780
59,kourou,5.1552,-52.6478,24.03,91,23,2.14,GF,1693471036
60,noshiro,40.2039,140.0242,30.46,81,99,1.01,JP,1693471056
61,porto franco,-6.3383,-47.3992,24.04,69,6,0.57,BR,1693471057
62,usogorsk,63.4106,48.6872,19.39,54,84,0.93,RU,1693471057
63,iskateley,67.6803,53.1512,15.92,51,12,3.51,RU,1693471058
64,grytviken,-54.2811,-36.5092,-1.9,89,100,1.69,GS,1693471058
65,hermanus,-34.4187,19.2345,16.0,69,85,9.41,ZA,1693471058
66,lompoc,34.6391,-120.4579,16.08,96,0,0.0,US,1693471059
67,kampene,-3.6,26.6667,32.05,35,85,0.93,CD,1693471059
68,puerto natales,-51.7236,-72.4875,2.91,77,100,6.32,CL,1693471059
69,nazare,-13.035,-39.0144,20.59,99,45,0.91,BR,1693471059
70,san borja,-14.8167,-66.85,24.08,62,32,1.21,BO,1693471060
71,lihue,21.9789,-159.3672,26.77,78,0,8.23,US,1693471060
72,tazacorte,28.629,-17.9293,23.54,64,75,4.12,ES,1693471060
73,afaahiti,-17.75,-149.2833,22.93,75,90,4.27,PF,1693471061
74,spirit lake,43.4222,-95.1022,18.23,84,0,2.24,US,1693471061
75,fortuna,40.5982,-124.1573,16.19,96,100,4.63,US,1693471061
76,touros,-5.1989,-35.4608,25.14,73,2,5.79,BR,1693471062
77,linkou,45.3,130.2833,19.34,84,18,3.19,CN,1693471062
78,anna regina,7.2644,-58.5077,27.03,80,4,3.05,GY,1693471062
79,hamilton,39.1834,-84.5333,14.68,86,0,0.45,US,1693471063
80,ifaki,7.7894,5.2485,23.78,86,100,2.59,NG,1693471063
81,luimneach,52.6647,-8.6231,16.16,88,97,2.57,IE,1693471063
82,dudinka,69.4058,86.1778,10.9,37,80,7.23,RU,1693470825
83,uturoa,-16.7333,-151.4333,24.08,70,87,5.17,PF,1693471064
84,xilin hot,43.9667,116.0333,23.12,22,65,6.02,CN,1693470765
85,tangzhai,34.4328,116.5911,28.51,64,0,2.37,CN,1693471064
86,invercargill,-46.4,168.35,12.23,61,16,4.47,NZ,1693471065
87,usinsk,65.9939,57.5281,15.75,58,89,1.74,RU,1693471065
88,mahibadhoo,3.7833,72.9667,27.93,77,100,7.4,MV,1693471065
89,vakarai,55.6035,23.8213,19.29,83,100,5.05,LT,1693471066
90,isafjordur,66.0755,-23.124,10.02,87,75,0.51,IS,1693471066
91,whitehorse,60.7161,-135.0538,12.43,69,75,6.71,CA,1693471050
92,kaihua,23.3687,104.28,23.49,64,78,3.21,CN,1693471056
93,carbonear,47.7332,-53.2148,23.01,99,100,11.19,CA,1693471067
94,makurdi,7.7411,8.5121,25.8,85,100,3.16,NG,1693471067
95,margaret river,-33.95,115.0667,19.05,66,0,2.52,AU,1693470931
96,bermejillo,25.8833,-103.6167,23.52,42,78,1.67,MX,1693471068
97,san antonio de pale,-1.4014,5.6325,23.6,87,100,5.48,GQ,1693471068
98,naracoorte,-36.9579,140.7383,9.15,91,46,3.42,AU,1693471069
99,longyearbyen,78.2186,15.6401,7.91,76,75,7.72,SJ,1693471070
100,tokar,18.4254,37.729,36.68,34,64,12.76,SD,1693471070
101,kodiak,57.79,-152.4072,11.73,82,100,4.12,US,1693471070
102,menongue,-14.6585,17.691,27.52,10,0,3.62,AO,1693471071
103,paithan,19.4833,75.3833,35.48,28,12,3.4,IN,1693471072
104,klyuchi,52.2667,79.1667,17.58,56,100,2.1,RU,1693471072
105,papao,-17.75,-149.55,23.82,75,100,3.39,PF,1693471072
106,kismayo,-0.3582,42.5454,27.63,65,14,7.14,SO,1693471073
107,saldanha,-33.0117,17.9442,15.03,80,100,6.48,ZA,1693471073
108,bredasdorp,-34.5322,20.0403,18.33,53,87,9.21,ZA,1693471074
109,tura,25.5198,90.2201,31.84,58,58,1.6,IN,1693471074
110,santa ines,-3.6667,-45.38,21.77,98,9,0.92,BR,1693471074
111,bom jesus,-9.0744,-44.3586,23.96,47,3,0.71,BR,1693471075
112,maragogi,-9.0122,-35.2225,23.87,86,30,3.02,BR,1693471075
113,rio preto da eva,-2.6994,-59.6997,24.19,52,41,0.23,BR,1693471076
114,luderitz,-26.6481,15.1594,15.1,74,1,6.48,NA,1693471076
115,wailua homesteads,22.0669,-159.378,26.44,83,0,8.23,US,1693471077
116,hithadhoo,-0.6,73.0833,27.5,74,83,2.98,MV,1693471077
117,constantia,44.1833,28.65,25.38,62,7,3.12,RO,1693471078
118,queenstown,-31.8976,26.8753,24.88,15,0,9.38,ZA,1693471078
119,dubois,38.3464,-86.8897,13.45,97,0,1.54,US,1693471079
120,weno,7.4515,151.8468,28.97,84,100,2.06,FM,1693471079
121,laguna,38.421,-121.4238,24.88,58,0,2.57,US,1693471080
122,hasaki,35.7333,140.8333,31.27,80,94,5.53,JP,1693471027
123,flin flon,54.7682,-101.865,14.48,67,89,2.98,CA,1693471081
124,tallahassee,30.4383,-84.2807,24.07,94,75,0.0,US,1693471081
125,viransehir,37.2353,39.7631,35.46,20,0,2.68,TR,1693471082
126,kalmunai,7.4167,81.8167,31.27,60,78,5.59,LK,1693471082
127,stanley,54.868,-1.6985,15.41,81,0,0.51,GB,1693470957
128,vila velha,-20.3297,-40.2925,21.64,81,40,4.47,BR,1693471083
129,utrik,11.2278,169.8474,28.68,76,22,7.31,MH,1693471084
130,nar'yan-mar,67.6713,53.087,15.84,52,14,3.57,RU,1693471084
131,nabire,-3.3667,135.4833,26.65,84,94,0.79,ID,1693471085
132,kavaratti,10.5669,72.642,27.84,80,80,7.37,IN,1693471085
133,mccook,40.2019,-100.6257,21.03,59,0,2.06,US,1693471085
134,shalqar,47.8333,59.6,21.53,27,6,8.14,KZ,1693471085
135,okha,53.5739,142.9478,12.16,93,100,8.57,RU,1693471086
136,port alberni,49.2413,-124.8028,15.91,92,100,0.89,CA,1693471086
137,antonio enes,-16.2325,39.9086,26.6,63,70,4.11,MZ,1693471086
138,ust-nera,64.5667,143.2,14.72,90,100,4.03,RU,1693471087
139,fale old settlement,-9.3852,-171.2468,28.41,76,13,6.83,TK,1693471087
140,le lavandou,43.137,6.366,24.9,37,0,3.09,FR,1693471087
141,cidreira,-30.1811,-50.2056,14.16,82,2,2.75,BR,1693471088
142,aldinga beach,-35.2793,138.4604,14.31,84,61,3.31,AU,1693471088
143,port mathurin,-19.6833,63.4167,22.4,71,4,5.1,MU,1693471088
144,palikir - national government center,6.9248,158.1611,28.47,84,100,2.57,FM,1693470957
145,jimenez,28.3333,-105.4,21.59,40,26,0.77,MX,1693471089
146,porbandar,21.6422,69.6093,29.21,59,27,4.25,IN,1693471089
147,pangody,65.85,74.4859,15.87,40,99,5.25,RU,1693471089
148,takoradi,4.8845,-1.7554,25.8,83,100,3.36,GH,1693471089
149,jamestown,42.097,-79.2353,15.77,90,100,3.6,US,1693471090
150,waingapu,-9.6567,120.2641,27.52,44,55,8.0,ID,1693471090
151,carnarvon,-24.8667,113.6333,23.2,64,0,4.67,AU,1693470931
152,vila franca do campo,37.7167,-25.4333,21.23,75,92,0.85,PT,1693471090
153,benito juarez,19.385,-99.165,18.9,64,100,2.06,MX,1693470829
154,colonia,50.9333,6.95,17.81,73,20,3.6,DE,1693471091
155,atafu village,-8.5421,-172.5159,28.62,76,14,6.6,TK,1693471091
156,kiamba,5.9894,124.6242,28.69,73,18,1.6,PH,1693471091
157,barkot,30.8167,78.2,30.28,55,13,2.9,IN,1693471092
158,peace river,56.2501,-117.286,18.17,79,100,4.63,CA,1693471092
159,prince rupert,54.3161,-130.3201,14.05,100,100,3.6,CA,1693471092
160,port alfred,-33.5906,26.891,29.35,30,33,5.26,ZA,1693471092
161,sarangani,5.4033,125.4636,28.81,75,13,5.68,PH,1693471093
162,avarua,-21.2078,-159.775,20.03,64,20,1.03,CK,1693471093
163,sungai penuh,-2.0833,101.3833,24.94,66,84,2.16,ID,1693471093
164,pangani,-5.4333,38.9667,27.53,61,19,4.88,TZ,1693471094
165,prairie view,30.0933,-95.9877,25.85,66,0,2.02,US,1693471094
166,ilulissat,69.2167,-51.1,3.01,93,100,3.09,GL,1693471094
167,yellowknife,62.456,-114.3525,16.98,96,92,1.79,CA,1693471095
168,walvis bay,-22.9575,14.5053,12.83,73,68,5.29,NA,1693471095
169,nadi,-17.8,177.4167,24.0,73,75,2.57,FJ,1693470577
170,greymouth,-42.4667,171.2,6.16,84,71,1.56,NZ,1693471095
171,nemuro,43.3236,145.575,19.33,94,28,8.26,JP,1693470880
172,puerto madero,14.7208,-92.4215,26.94,79,100,2.71,MX,1693471096
173,ciudad insurgentes,25.2625,-111.7753,26.38,78,27,1.6,MX,1693471096
174,ilha de mocambique,-15.0342,40.7358,25.04,70,46,3.66,MZ,1693471096
175,astrakhan,46.3497,48.0408,26.93,26,0,3.13,RU,1693471095
176,kanggye,40.9695,126.5852,22.58,73,7,1.39,KP,1693471097
177,lincoln,40.8,-96.667,19.95,79,0,5.14,US,1693471097
178,yinchuan,38.4681,106.2731,31.09,16,100,1.43,CN,1693470663
179,xai-xai,-25.0519,33.6442,26.71,42,0,1.65,MZ,1693471098
180,albany,42.6001,-73.9662,15.25,82,41,3.01,US,1693471098
181,howrah,22.5892,88.3103,35.0,59,75,2.57,IN,1693470918
182,kashgar,39.4547,75.9797,31.56,22,0,4.0,CN,1693471099
183,jieshi,22.8134,115.8257,25.94,89,100,10.22,CN,1693471099
184,san patricio,28.017,-97.5169,28.91,60,7,2.74,US,1693471099
185,adrar,20.5022,-10.0711,33.43,36,51,4.66,MR,1693471099
186,leava,-14.3,-178.1667,27.13,84,33,10.95,WF,1693471100
187,codrington,-38.2667,141.9667,11.38,74,87,7.16,AU,1693470924
188,tokonou,9.65,-9.7833,23.39,88,98,1.02,GN,1693471100
189,callao,-12.0667,-77.15,19.84,77,100,5.14,PE,1693471101
190,morehead city,34.7229,-76.726,26.11,92,100,4.02,US,1693471101
191,ilhabela,-23.7781,-45.3581,17.31,83,12,1.02,BR,1693471101
192,padang,-0.9492,100.3543,31.03,78,87,3.95,ID,1693470566
193,sal rei,16.1833,-22.9167,27.11,89,75,3.6,CV,1693471102
194,vilyuchinsk,52.9306,158.4028,19.15,77,71,4.7,RU,1693470998
195,mana,5.6592,-53.7767,24.68,92,25,2.15,GF,1693471102
196,ballina,-28.8667,153.5667,18.15,77,61,1.58,AU,1693470935
197,kalemie,-5.9475,29.1947,27.35,43,1,4.85,CD,1693471103
198,honmachi,32.5,130.6,26.22,70,85,4.11,JP,1693471103
199,kasane,-17.8167,25.15,25.57,20,0,2.47,BW,1693471103
200,garden city,42.3256,-83.331,12.14,93,0,2.06,US,1693471104
201,ijebu-ife,6.7784,4.0339,26.51,82,100,1.51,NG,1693471104
202,kabanjahe,3.1001,98.4908,22.05,81,100,1.91,ID,1693471104
203,badger,64.8,-147.5333,11.14,96,100,1.54,US,1693471104
204,zouerate,22.7187,-12.4521,30.34,36,99,3.06,MR,1693471105
205,kapa'a,22.0752,-159.319,27.18,83,0,8.23,US,1693471105
206,ksar chellala,35.2122,2.3189,24.13,35,0,1.67,DZ,1693471105
207,mananjary,-21.2167,48.3333,23.42,58,25,2.04,MG,1693471105
208,port elizabeth,-33.918,25.5701,20.16,73,0,6.17,ZA,1693471106
209,orkney,-26.9802,26.6727,21.86,22,0,2.72,ZA,1693471106
210,port lincoln,-34.7333,135.8667,12.44,77,43,3.79,AU,1693470835
211,igra,57.5558,53.0547,17.26,56,43,7.17,RU,1693471106
212,nova sintra,14.8667,-24.7167,23.9,83,99,6.33,CV,1693471107
213,sao miguel do araguaia,-13.275,-50.1628,25.14,60,4,1.02,BR,1693471107
214,polyarnyy,69.1989,33.4478,15.95,71,94,2.03,RU,1693471107
215,kavieng,-2.5744,150.7967,27.08,77,100,7.03,PG,1693471108
216,balapur,20.6667,76.7667,34.31,38,11,3.34,IN,1693471108
217,lansdowne,39.9382,-75.2719,19.13,76,75,4.12,US,1693471108
218,iacu,-12.7672,-40.2117,20.54,97,45,0.72,BR,1693471109
219,breaux bridge,30.2735,-91.8993,23.99,70,0,2.06,US,1693471109
220,humpolec,49.5415,15.3593,16.95,77,45,7.42,CZ,1693471109
221,tazovsky,67.4667,78.7,12.03,45,41,3.25,RU,1693471109
222,iwon-up,40.3231,128.6553,22.94,88,71,1.82,KP,1693471110
223,lebu,-37.6167,-73.65,6.72,83,71,2.44,CL,1693471110
224,gadzhiyevo,69.2551,33.3362,15.84,71,94,2.3,RU,1693471110
225,miches,18.9836,-69.0476,26.12,91,100,1.21,DO,1693471111
226,massawa,15.6097,39.45,36.53,44,78,1.15,ER,1693471111
227,ngou,5.1959,10.3844,21.68,75,99,0.57,CM,1693471111
228,g'uzor,38.6214,66.2522,26.02,8,0,4.89,UZ,1693471111
229,mthatha,-31.5889,28.7844,26.31,24,0,1.03,ZA,1693471112
230,najaf,31.9985,44.3398,38.88,19,0,5.14,IQ,1693471112
231,ciudad bolivar,8.1222,-63.5497,24.96,84,47,3.19,VE,1693471112
232,aginskoye,51.1,114.53,25.46,27,5,4.18,RU,1693471112
233,bondo,3.8146,23.6866,30.75,51,86,1.59,CD,1693471113
234,anisoc,1.8658,10.7689,24.21,82,95,0.66,GQ,1693471113
235,praya,14.9215,-23.5087,27.3,83,40,5.66,CV,1693470882
236,kudahuvadhoo,2.6708,72.8944,27.13,79,93,5.14,MV,1693471114
237,bakchar,57.0186,82.0711,24.16,51,100,4.12,RU,1693471114
238,mata-utu,-13.2816,-176.1745,27.35,82,28,10.08,WF,1693471070
239,miranda,3.2499,-76.2281,20.07,71,70,2.01,CO,1693471115
240,monrovia,6.3005,-10.7969,25.73,84,70,1.67,LR,1693470837
241,puerto aysen,-45.4,-72.7,4.33,100,100,1.93,CL,1693470963
242,horta,38.5333,-28.6333,22.23,90,40,2.57,PT,1693471115
243,udachny,66.4167,112.4,3.03,93,100,8.86,RU,1693471116
244,sitangkai,4.6628,119.3928,28.72,77,15,6.18,PH,1693471116
245,homer,59.6425,-151.5483,13.94,69,100,4.92,US,1693471116
246,tolanaro,-25.0319,46.9987,22.04,73,75,7.2,MG,1693471116
247,leeton,-34.5667,146.4,13.83,65,42,3.59,AU,1693471117
248,sumbawa besar,-8.5,117.4333,30.24,37,92,4.28,ID,1693471082
249,hanzhong,33.0728,107.0303,29.04,52,18,1.42,CN,1693470998
250,port blair,11.6667,92.75,29.02,84,75,5.66,IN,1693471118
251,pisco,-13.7,-76.2167,16.03,82,8,1.03,PE,1693471118
252,karungdong,5.8844,121.263,28.6,77,21,4.33,PH,1693471118
253,ponta delgada,37.7333,-25.6667,21.4,88,40,1.03,PT,1693471030
254,malindi,-3.2175,40.1191,25.09,88,75,4.12,KE,1693471119
255,coronel dorrego,-38.7187,-61.2873,4.22,50,0,4.21,AR,1693471119
256,sitka,57.0531,-135.33,14.94,88,100,3.6,US,1693471119
257,swainsboro,32.5974,-82.3337,22.94,76,15,3.25,US,1693471119
258,mazatlan,23.2167,-106.4167,27.17,81,100,0.89,MX,1693471120
259,luganville,-15.5333,167.1667,24.62,94,78,2.35,VU,1693471120
260,sinabang,2.4803,96.3801,26.87,84,95,3.08,ID,1693471121
261,fort-shevchenko,44.5086,50.263,23.57,42,0,3.31,KZ,1693471121
262,new norfolk,-42.7826,147.0587,9.84,86,66,2.16,AU,1693471122
263,kayangel,8.0823,134.7173,28.5,83,68,5.68,PW,1693471122
264,howard springs,-12.497,131.047,28.95,57,49,3.49,AU,1693471122
265,masindi,1.6744,31.715,28.95,43,15,2.14,UG,1693471123
266,bridgewater,44.3835,-64.5155,18.82,96,100,4.12,CA,1693471123
267,grand falls-windsor,48.9332,-55.6649,21.39,89,100,2.24,CA,1693471124
268,childress,34.4264,-100.204,22.18,53,0,3.6,US,1693471124
269,khandyga,62.6667,135.6,21.75,61,42,2.2,RU,1693471124
270,kaufman,32.589,-96.3089,26.65,69,0,0.0,US,1693471125
271,camiri,-20.05,-63.5167,17.02,59,2,1.52,BO,1693471125
272,mitsamiouli,-11.3847,43.2844,28.16,57,20,5.14,KM,1693471125
273,piti village,13.4626,144.6933,26.49,94,100,6.17,GU,1693471126
274,madimba,-10.4,40.3333,28.78,55,7,6.09,TZ,1693471126
275,sao jose da coroa grande,-8.8978,-35.1478,24.18,85,25,3.36,BR,1693471126
276,dakhla,23.6848,-15.958,23.01,73,55,8.23,EH,1693470845
277,brokopondo,4.75,-55.1667,25.02,87,0,2.09,SR,1693471127
278,ankazoabo,-22.2833,44.5167,30.01,18,1,2.02,MG,1693471127
279,haiku-pauwela,20.9219,-156.3051,24.47,79,20,5.66,US,1693471128
280,guerrero negro,27.9769,-114.0611,23.6,70,100,2.07,MX,1693471128
281,susuman,62.7833,148.1667,17.11,61,83,4.84,RU,1693471128
282,lewiston orchards,46.3804,-116.9754,17.37,74,0,2.57,US,1693471129
283,remire-montjoly,4.9167,-52.2667,24.02,100,0,0.0,GF,1693470940
284,askoy,60.4092,5.226,17.08,88,0,1.03,NO,1693471129
285,phon,15.816,102.5998,32.25,63,97,1.79,TH,1693471130
286,lazarevskoye,43.9061,39.3331,29.07,58,2,2.23,RU,1693471130
287,wuchuan,21.4571,110.7659,30.19,72,37,2.14,CN,1693470776
288,nieuw amsterdam,5.8833,-55.0833,25.57,91,17,2.1,SR,1693471039
289,peniche,39.3558,-9.3811,20.72,88,92,6.04,PT,1693471131
290,saipan,15.1355,145.701,28.39,89,40,6.17,MP,1693470896
291,kapuskasing,49.4169,-82.4331,9.05,100,20,0.51,CA,1693471131
292,acarau,-2.8856,-40.12,25.08,78,40,7.01,BR,1693471132
293,tofol,5.3248,163.0078,26.88,89,100,1.54,FM,1693470843
294,brigantine,39.4101,-74.3646,20.0,78,0,4.63,US,1693471132
295,mutum biyu,8.6333,10.7667,28.69,67,97,3.92,NG,1693471132
296,castillos,-34.1667,-53.8333,8.84,91,71,1.86,UY,1693471133
297,chibougamau,49.9168,-74.3659,5.79,87,100,1.03,CA,1693471133
298,edd,13.9297,41.6925,35.99,50,67,5.62,ER,1693471133
299,sihor,21.7,71.9667,34.83,37,10,3.19,IN,1693471133
300,santa cruz,-17.8,-63.1667,22.7,88,40,3.09,BO,1693471134
301,aldan,58.6031,125.3894,21.18,55,0,1.57,RU,1693471134
302,mugia,43.1041,-9.2179,20.09,82,8,0.82,ES,1693471135
303,andergrove,-21.0833,149.1833,20.33,84,1,3.09,AU,1693471135
304,cabo san lucas,22.8909,-109.9124,29.86,82,89,1.34,MX,1693471135
305,okotoks,50.7289,-113.9828,15.07,91,100,0.89,CA,1693471136
306,sligo,54.2697,-8.4694,13.11,87,100,2.06,IE,1693470847
307,mont-laurier,46.5501,-75.4993,4.79,77,4,0.97,CA,1693471137
308,kota kinabalu,5.9749,116.0724,32.99,66,20,2.24,MY,1693470566
309,gisborne,-38.6533,178.0042,8.6,91,4,2.61,NZ,1693471137
310,yelizovo,53.1873,158.3805,19.08,68,0,3.13,RU,1693471137
311,qaqortoq,60.7167,-46.0333,5.03,91,100,1.45,GL,1693471138
312,iwanai,42.9744,140.5089,24.86,93,67,2.52,JP,1693470929
313,strezhevoy,60.7333,77.5889,22.3,46,100,5.88,RU,1693471138
314,tannum sands,-23.9504,151.3693,20.94,73,4,4.12,AU,1693471139
315,ust'-uda,54.1742,103.0304,26.15,37,100,1.17,RU,1693471139
316,porto novo,6.4965,2.6036,25.9,79,100,3.88,BJ,1693470851
317,san luis de la loma,17.2706,-100.8939,24.98,85,94,2.23,MX,1693471140
318,bubaque,11.2833,-15.8333,27.05,76,58,1.88,GW,1693471140
319,san juan,-31.5375,-68.5364,11.24,39,0,4.86,AR,1693471140
320,suva,-18.1416,178.4415,23.71,88,75,2.06,FJ,1693471141
321,shimoda,34.6667,138.95,29.2,80,96,2.74,JP,1693471064
322,hami,42.8,93.45,35.27,12,0,5.01,CN,1693471030
323,belmonte,-15.8631,-38.8828,23.38,93,45,3.16,BR,1693471143
324,pleasanton,37.6624,-121.8747,22.18,62,0,1.54,US,1693471143
325,rikaze,29.25,88.8833,19.77,38,28,2.7,CN,1693470997
326,aksu,41.1231,80.2644,33.86,15,27,3.26,CN,1693471144
327,bolsward,53.0655,5.5318,17.77,80,67,2.68,NL,1693471144
328,domoni,-12.2569,44.5319,27.34,64,5,3.2,KM,1693471145
329,qamdo,31.1667,97.2333,16.58,43,71,3.07,CN,1693470946
330,berezovo,63.9381,65.0419,18.92,58,95,7.15,RU,1693471145
331,sisimiut,66.9395,-53.6735,3.83,80,61,9.71,GL,1693471145
332,karasuk,53.7377,78.0403,17.34,56,100,3.5,RU,1693471146
333,happy valley-goose bay,53.3168,-60.3315,5.17,93,100,8.75,CA,1693471146
334,tongchuan,35.0806,109.0897,27.98,39,35,3.0,CN,1693471147
335,margate,51.3813,1.3862,18.16,67,86,1.34,GB,1693471147
336,arauco,-37.2463,-73.3175,5.31,81,80,1.44,CL,1693471148
337,beloyarskiy,63.7119,66.6722,18.45,60,100,5.5,RU,1693471148
338,quatre cocos,-20.2078,57.7625,25.05,57,39,6.3,MU,1693471148
339,belmopan,17.25,-88.7667,23.21,96,100,0.9,BZ,1693471148
340,challapata,-18.9,-66.7667,3.89,20,4,1.67,BO,1693471149
341,kingston,17.997,-76.7936,29.53,81,20,3.09,JM,1693470940
342,necochea,-38.5473,-58.7368,5.17,80,57,4.51,AR,1693471149
343,selfoss,63.9331,-20.9971,10.58,79,100,1.35,IS,1693471149
344,palasa,18.7667,84.4167,32.01,60,61,2.85,IN,1693471150
345,kruisfontein,-34.0033,24.7314,27.21,27,5,4.39,ZA,1693471150
346,ouadda,8.0777,22.4007,22.0,90,100,0.82,CF,1693471150
347,parauapebas,-6.0675,-49.9022,23.52,71,8,0.9,BR,1693471150
348,elsa,26.2934,-97.9931,26.21,65,0,2.06,US,1693471151
349,kathu,7.9178,98.3332,30.94,62,100,6.94,TH,1693471151
350,boa vista,2.8197,-60.6733,26.99,74,0,1.03,BR,1693471151
351,brandon,27.9378,-82.2859,28.39,94,40,1.54,US,1693471151
352,suyan,6.0603,125.3853,33.33,73,39,3.23,PH,1693471152
353,keflavik,64.0049,-22.5624,10.24,81,75,4.63,IS,1693471046
354,lata,40.1629,-8.3327,15.45,41,64,1.42,PT,1693471152
355,brookings,44.3114,-96.7984,18.99,86,2,0.45,US,1693471153
356,nova vicosa,-17.8919,-39.3719,23.49,94,92,1.09,BR,1693471153
357,rongelap,11.1635,166.8941,28.68,78,48,7.53,MH,1693471153
358,san fernando de apure,7.8878,-67.4724,23.31,95,43,0.35,VE,1693471153
359,benjamin constant,-4.3831,-70.0311,22.07,87,23,0.6,BR,1693471154
360,rundu,-17.9333,19.7667,26.54,14,0,2.7,NA,1693471015
361,aguie,13.506,7.7786,29.93,58,95,5.42,NE,1693471154
362,marka,1.7159,44.7717,27.94,66,100,8.48,SO,1693471154
363,enshi,30.3,109.4833,29.8,48,0,0.14,CN,1693471155
364,georgetown,5.4112,100.3354,29.97,83,40,4.12,MY,1693470989
365,solnechnyy,50.7214,136.6319,14.72,92,100,0.15,RU,1693471155
366,severnoye,56.3491,78.3619,17.06,89,100,4.92,RU,1693471156
367,chipinge,-20.1883,32.6236,21.88,36,0,0.97,ZW,1693471117
368,la passe,45.5549,-0.8967,20.57,80,100,5.41,FR,1693471156
369,isangel,-19.55,169.2667,23.75,95,56,4.97,VU,1693471156
370,owando,-0.4819,15.8999,31.11,49,20,2.34,CG,1693471157
371,nadym,65.5333,72.5167,16.85,42,100,6.29,RU,1693471158
372,mangrol,21.1167,70.1167,28.9,60,33,3.1,IN,1693471158
373,iquique,-20.2208,-70.1431,18.02,77,41,1.16,CL,1693471159
374,san martin,-33.081,-68.4681,11.3,42,63,4.0,AR,1693471159
375,tafuna,-14.3358,-170.72,25.97,89,75,11.32,AS,1693471159
376,qashar,53.3906,62.9297,14.88,74,97,1.15,KZ,1693471160
377,colares,38.7992,-9.4469,22.16,73,20,19.67,PT,1693471161
378,pyin oo lwin,22.0333,96.4667,24.89,81,88,2.07,MM,1693471161
379,talnakh,69.4865,88.3972,11.23,45,39,1.29,RU,1693471161
380,chebba,35.2372,11.115,27.36,67,73,6.37,TN,1693471163
381,salym,60.0625,71.4789,19.58,73,97,5.56,RU,1693471163
382,ust'-ilimsk,58.0006,102.6619,24.01,50,100,2.67,RU,1693471164
383,wangaratta,-36.3667,146.3333,11.84,86,75,2.34,AU,1693471164
384,katsuren-haebaru,26.3369,127.8719,32.21,76,40,5.14,JP,1693471165
385,bodaybo,57.8506,114.1933,22.83,70,100,1.47,RU,1693471165
386,bandarbeyla,9.4942,50.8122,33.41,42,0,9.76,SO,1693471165
387,kariba,-16.5167,28.8,25.38,31,0,0.48,ZW,1693471166
388,mingora,34.7758,72.3625,30.97,51,5,2.73,PK,1693471167
389,puerto armuelles,8.2833,-82.8667,25.54,89,30,1.37,PA,1693471167
390,raisen,23.3333,77.8,32.5,39,27,1.04,IN,1693471168
391,jacksonville,30.3322,-81.6556,26.06,85,0,4.63,US,1693471168
392,vadso,70.0744,29.7487,15.09,77,20,5.66,NO,1693471168
393,ugoofaaru,5.6667,73.0,27.65,74,100,10.69,MV,1693471169
394,natitingou,10.3042,1.3796,25.04,78,100,3.02,BJ,1693471169
395,campana,-34.1687,-58.9591,9.5,10,14,2.54,AR,1693471169
396,tralee,52.2704,-9.7026,16.14,88,100,5.14,IE,1693471169
397,ampanihy,-24.7,44.75,28.63,21,0,1.91,MG,1693471170
398,freetown,8.484,-13.2299,26.36,76,77,0.2,SL,1693471024
399,phongsali,21.6833,102.1058,26.16,55,63,0.51,LA,1693471171
400,simplicio mendes,-7.8539,-41.9103,22.14,43,0,1.69,BR,1693471171
401,pak phanang,8.3511,100.202,34.01,58,99,1.78,TH,1693471172
402,bentiu,9.2333,29.8333,22.69,88,100,1.5,SS,1693471172
403,goslar,51.9043,10.4277,15.32,84,63,6.2,DE,1693471172
404,sechura,-5.5569,-80.8222,19.51,84,38,2.45,PE,1693471172
405,sabang,5.8933,95.3214,28.56,77,96,10.26,ID,1693471173
406,cooper's town,26.8667,-77.5167,29.5,79,94,10.0,BS,1693471173
407,partenit,44.578,34.3446,26.99,72,4,2.01,UA,1693471173
408,upata,8.0086,-62.3989,23.44,94,60,1.51,VE,1693471174
409,fukuecho,32.6881,128.8419,26.2,94,75,7.72,JP,1693471174
410,kabalo,-6.05,26.9167,31.88,24,65,3.14,CD,1693471174
411,belomorsk,64.5232,34.7668,13.45,92,100,4.11,RU,1693471175
412,mahanoro,-19.9,48.8,23.76,60,77,3.02,MG,1693471175
413,lerwick,60.1545,-1.1494,15.0,85,17,4.44,GB,1693471175
414,junin de los andes,-39.9504,-71.0694,-0.05,86,100,3.08,AR,1693471176
415,cascais,38.6979,-9.4215,22.25,72,20,19.67,PT,1693471176
416,nogliki,51.8333,143.1667,11.64,98,100,8.11,RU,1693471176
417,burnie,-41.0667,145.9167,10.81,82,26,5.84,AU,1693471177
418,sao paulo de olivenca,-3.3783,-68.8725,23.14,81,50,0.71,BR,1693471177
419,soufriere,13.8562,-61.0566,26.05,93,77,5.52,LC,1693471177
420,hilo,19.7297,-155.09,23.86,99,82,1.34,US,1693471178
421,slave lake,55.2834,-114.769,17.99,72,0,8.23,CA,1693471178
422,aasiaat,68.7098,-52.8699,2.57,88,100,8.6,GL,1693471178
423,ouesso,1.6136,16.0517,31.67,46,39,1.73,CG,1693471179
424,malango,-2.9627,119.9001,24.48,75,57,2.26,ID,1693471179
425,aripuana,-9.1667,-60.6333,21.95,91,39,0.81,BR,1693471179
426,coyutla,20.25,-97.65,23.95,78,50,2.06,MX,1693471179
427,tayu,-6.5397,111.0518,28.39,68,5,4.85,ID,1693471180
428,tshabong,-26.05,22.45,24.98,19,1,8.41,BW,1693471181
429,haverfordwest,51.8017,-4.9691,17.53,91,100,0.89,GB,1693471181
430,zhezqazghan,47.7833,67.7667,12.32,82,75,14.0,KZ,1693471181
431,port augusta,-32.5,137.7667,11.69,77,12,4.47,AU,1693471182
432,san antonio,29.4241,-98.4936,27.86,49,0,1.54,US,1693471182
433,kununurra,-15.7667,128.7333,34.99,10,31,1.03,AU,1693471049
434,souillac,-20.5167,57.5167,24.21,64,75,4.63,MU,1693471182
435,minas de marcona,-15.2119,-75.1103,11.66,90,53,5.87,PE,1693471183
436,lazaro cardenas,17.9583,-102.2,26.03,88,81,1.7,MX,1693471183
437,bardai,11.65,7.2333,25.65,74,100,4.72,NG,1693471183
438,rijau,11.103,5.2507,26.46,75,69,4.34,NG,1693471183
439,aykhal,66.0,111.5,4.76,67,100,9.28,RU,1693471184
440,calingasta,-31.3308,-69.4078,9.89,36,0,1.37,AR,1693471184
441,lucapa,-8.4192,20.7447,30.61,17,1,3.52,AO,1693471184
442,bintulu,3.1667,113.0333,33.23,70,20,3.13,MY,1693471185
443,port saint john's,-31.6229,29.5448,28.08,33,0,3.0,ZA,1693471185
444,soc trang,9.6033,105.98,30.43,68,100,5.24,VN,1693470931
445,elkins,38.9259,-79.8467,13.27,99,100,1.36,US,1693471186
446,hakha,22.65,93.6167,21.73,87,75,0.43,MM,1693471186
447,benghazi,32.1167,20.0667,29.44,43,5,0.14,LY,1693471186
448,bambari,5.768,20.6757,26.19,83,100,1.59,CF,1693471186
449,mount gambier,-37.8333,140.7667,10.21,76,56,3.34,AU,1693471187
450,at taj,24.2049,23.2857,37.8,13,0,3.33,LY,1693471188
451,fonte boa,-2.4959,-66.2662,23.91,71,100,0.99,BR,1693471188
452,micheweni,-4.9667,39.8333,27.28,67,20,5.15,TZ,1693471188
453,ancud,-41.8697,-73.8203,7.59,85,100,6.11,CL,1693471189
454,klaksvik,62.2266,-6.589,10.51,75,100,4.65,FO,1693471188
455,egilsstadir,65.2653,-14.3948,7.95,93,100,1.54,IS,1693471189
456,libreville,0.3925,9.4537,25.01,83,75,4.63,GA,1693471189
457,waddan,29.1614,16.139,34.11,26,6,7.0,LY,1693471190
458,geraldton,-28.7667,114.6,28.23,23,0,5.14,AU,1693471132
459,pangoa,-12.1167,-73.0,20.95,89,64,1.28,PE,1693471190
460,abilene,32.4487,-99.7331,25.49,48,0,2.57,US,1693471191
461,toliara,-23.35,43.6667,26.46,42,0,5.07,MG,1693471191
462,buenos aires,-34.6132,-58.3772,11.08,47,10,3.58,AR,1693470977
463,mariinsk,56.2139,87.7472,25.92,54,38,3.94,RU,1693471192
464,chirilagua,13.2203,-88.1386,23.71,89,74,1.08,SV,1693471192
465,mandvi,22.8333,69.3667,29.09,64,90,5.16,IN,1693471087
466,fuding,27.3273,120.214,26.95,87,100,1.69,CN,1693471193
467,aioun,16.6614,-9.6149,31.12,52,100,4.96,MR,1693471193
468,greenville,35.6127,-77.3663,22.09,99,100,8.75,US,1693471193
469,banda aceh,5.5577,95.3222,29.92,66,100,7.58,ID,1693470788
470,porto cristo,39.5395,3.333,27.58,60,0,3.03,ES,1693471194
471,nieuw nickerie,5.95,-56.9833,26.25,85,1,3.29,SR,1693471194
472,mahebourg,-20.4081,57.7,25.14,64,75,4.63,MU,1693471194
473,yeed,4.55,43.0333,32.23,34,5,9.6,SO,1693471195
474,puerto baquerizo moreno,-0.9,-89.6,23.94,83,15,5.88,EC,1693471195
475,northam,51.0333,-4.2167,17.39,96,100,4.24,GB,1693471195
476,bethanie,-26.4833,17.15,25.2,29,0,8.18,NA,1693471195
477,cristinapolis,-11.4756,-37.7553,20.49,95,23,1.13,BR,1693471196
478,palembang,-2.9167,104.7458,35.7,28,38,3.18,ID,1693470603
479,valente,-11.4122,-39.4619,18.36,97,5,1.54,BR,1693471196
480,salekhard,66.53,66.6019,16.63,47,99,4.96,RU,1693470919
481,eureka,40.8021,-124.1637,16.34,94,27,0.45,US,1693471197
482,khorixas,-20.3667,14.9667,28.18,23,0,0.44,NA,1693471197
483,watsa,3.0372,29.5355,24.82,62,88,1.44,CD,1693471197
484,punta del este,-34.9667,-54.95,11.6,91,0,1.79,UY,1693471198
485,quellon,-43.1167,-73.6167,6.14,93,100,2.57,CL,1693471198
486,pucheng,27.9233,118.5333,28.5,76,99,2.07,CN,1693471199
487,soe,-9.8607,124.284,22.35,41,40,3.75,ID,1693471199
488,taoudenni,22.6783,-3.9836,39.64,20,100,4.4,ML,1693471199
489,enid,36.3956,-97.8784,20.73,76,0,2.57,US,1693471200
490,saynshand,44.8824,110.1163,24.22,28,14,2.26,MN,1693471200
491,dingwall,57.5953,-4.4272,15.49,83,100,1.09,GB,1693471201
492,islamkot,24.6997,70.177,34.48,39,6,6.39,PK,1693471202
493,tutoia,-2.7619,-42.2744,26.35,74,63,5.92,BR,1693471202
494,general villegas,-35.0328,-63.0125,5.24,43,42,2.14,AR,1693471203
495,wynyard,-41.0,145.7167,6.66,82,18,5.49,AU,1693471203
496,amble,55.3333,-1.5833,16.42,72,52,1.03,GB,1693471204
497,lubuklinggau,-3.3,102.8667,32.82,46,91,0.95,ID,1693471204
498,forster,-32.1667,152.5167,14.65,87,25,1.3,AU,1693471205
499,ponnani,10.767,75.9252,31.62,70,42,4.75,IN,1693471206
500,mount pearl,47.5166,-52.7813,22.3,96,100,11.83,CA,1693471206
501,akrehamn,59.2667,5.1833,17.14,72,0,0.0,NO,1693471207
502,galliano,29.4422,-90.2992,25.0,88,40,0.0,US,1693471207
503,kalevala,65.2,31.1667,13.18,95,100,4.32,RU,1693471208
504,dunedin,-45.8742,170.5036,9.33,72,1,1.95,NZ,1693470946
505,valentin gomez farias,28.2167,-106.5833,18.29,39,53,1.96,MX,1693471209
506,pacific grove,36.6177,-121.9166,16.8,87,0,2.06,US,1693471209
507,sibut,5.718,19.0739,27.54,80,42,0.49,CF,1693471210
508,hampton bays,40.869,-72.5176,19.36,80,0,3.6,US,1693471210
509,nantucket,41.2835,-70.0995,19.44,83,0,6.69,US,1693471211
510,nelson bay,-32.7167,152.15,17.78,86,5,2.68,AU,1693471211
511,alesund,62.4723,6.1549,17.09,88,75,3.6,NO,1693471212
512,darwin,-12.4611,130.8418,28.99,52,0,4.12,AU,1693471212
513,ejura,7.3856,-1.3562,24.91,89,100,2.64,GH,1693471212
514,naze,28.3667,129.4833,27.51,89,88,7.96,JP,1693471116
515,mwinilunga,-11.7358,24.4293,26.36,27,0,2.8,ZM,1693471213
516,soata,6.3337,-72.6828,14.17,81,29,2.93,CO,1693471214
517,taulaga,-11.0553,-171.0883,27.93,79,32,7.49,AS,1693471214
518,holualoa,19.6228,-155.9522,26.04,82,0,5.66,US,1693471215
519,al burayqah,30.4062,19.5739,30.06,41,9,4.68,LY,1693471215
520,bel ombre,-4.6167,55.4167,28.91,65,20,7.72,SC,1693471216
521,wagar,16.1525,36.2032,30.65,49,50,5.16,SD,1693471216
522,arkhangel'sk,64.5401,40.5433,13.13,93,100,2.01,RU,1693471217
523,bakori,11.5544,7.4243,25.5,76,100,4.49,NG,1693471217
524,soria,41.6667,-2.6667,19.45,37,1,1.83,ES,1693471217
525,wanlaweyn,2.6185,44.8938,33.25,39,58,8.86,SO,1693471218
526,ketchikan,55.3422,-131.6461,14.26,94,100,0.0,US,1693471218
527,khovd,48.0056,91.6419,25.63,23,10,3.4,MN,1693471015
528,tsiombe,-25.3,45.4833,27.63,35,0,3.81,MG,1693471219
529,kristinestad,62.2743,21.376,15.61,98,100,4.13,FI,1693471220
530,mildura,-34.2,142.15,13.93,68,81,4.82,AU,1693471220
531,dombarovskiy,50.7587,59.5386,15.57,44,94,9.62,RU,1693471220
532,urumqi,43.801,87.6005,32.53,21,0,4.0,CN,1693471124
533,santo antonio,-6.3106,-35.4789,21.4,95,14,2.48,BR,1693471221
534,ramsey,45.0333,-93.0835,18.03,78,0,3.09,US,1693471221
535,jiuquan,39.7432,98.5174,30.97,15,82,5.18,CN,1693471221
536,saint-pierre,-21.3393,55.4781,24.82,65,75,9.77,RE,1693471075
537,carrickfergus,54.7158,-5.8058,15.86,84,40,3.6,GB,1693471222
538,amga,60.8953,131.9608,22.82,58,0,1.64,RU,1693471223
539,la huacana,18.9667,-101.8167,22.47,96,88,0.39,MX,1693471223
540,la foa,-21.7108,165.8276,21.08,93,62,1.02,NC,1693471223
541,rabaul,-4.1967,152.1721,25.9,72,92,8.19,PG,1693471223
542,bomdila,27.25,92.4,19.05,91,88,1.32,IN,1693471224
543,siuna,13.7332,-84.7773,23.57,98,10,0.95,NI,1693471224
544,al bayda',32.7627,21.7551,27.15,37,0,4.02,LY,1693471224
545,paita,-5.0892,-81.1144,19.47,86,58,3.22,PE,1693471224
546,coquimbo,-29.9533,-71.3436,9.85,87,0,1.54,CL,1693471225
547,lodja,-3.4833,23.4333,35.17,29,6,1.21,CD,1693471225
548,bria,6.5423,21.9863,22.76,92,100,0.4,CF,1693471225
549,gedo,9.0167,37.45,16.22,82,78,0.87,ET,1693471226
550,kuala belait,4.5833,114.1833,32.09,68,72,4.59,BN,1693471226
551,sherpur,25.0188,90.0175,36.47,44,26,3.46,BD,1693471227
552,ji'an,27.1172,114.9793,25.55,75,93,5.48,CN,1693471227
553,huarmey,-10.0681,-78.1522,18.87,86,35,4.0,PE,1693471227
554,rio grande,-32.035,-52.0986,13.66,86,75,3.0,BR,1693471227
